<application>
  <component name="CosySettings">
    <option name="dedicatedDomainUrl" value="" />
    <option name="localStoragePath" value="C:\Users\xuchuqi\.lingma" />
    <option name="parameter">
      <ChangeUserSettingParams>
        <option name="allowReportUsage" value="true" />
        <option name="cloud">
          <CloudModelParam>
            <option name="autoTrigger">
              <CloudModelAutoTrigger>
                <option name="enable" value="true" />
                <option name="generateLength" value="level_1" />
                <option name="modelLevel" value="large" />
              </CloudModelAutoTrigger>
            </option>
            <option name="enable" value="false" />
            <option name="manualTrigger">
              <CloudModelManualTrigger>
                <option name="generateLength" value="level_2" />
                <option name="modelLevel" value="large" />
              </CloudModelManualTrigger>
            </option>
          </CloudModelParam>
        </option>
        <option name="local">
          <LocalModelParam>
            <option name="enable" value="false" />
            <option name="inferenceMode" value="auto" />
            <option name="maxCandidateNum" value="3" />
          </LocalModelParam>
        </option>
      </ChangeUserSettingParams>
    </option>
    <option name="recentQueries">
      <map>
        <entry key="Replace|1646848306361722">
          <value>
            <list>
              <option value="kt的unit test中如何使用json解析" />
              <option value="方法的作用是记录源码模块的依赖关系，叫什么名" />
              <option value="//给模块补充传递的依赖关系&#10;fun supplementDependencies() {&#10;&#10;}&#10;&#10;//解析出各个模块之间依赖关系传递与补充&#10;fun resolveDependencyPropagation(){}&#10;&#10;//记录模块的依赖关系&#10;fun recordDependencies(){}&#10;这几个方法的类起什么名好" />
              <option value="保存到缓存和读取缓存分别起什么名字好" />
              <option value="prohibited是什么意思" />
              <option value="Maven是什么意思" />
              <option value="kotlin.jvm的plugin id是什么" />
              <option value="把项目配置为kotlin项目 plugin id配置什么" />
              <option value="able表示能力吗" />
              <option value="程序语言中递归是什么意思" />
              <option value="深度传递依赖关系作用的方法起啥名" />
              <option value="{&quot;uikit&quot;:{&quot;api&quot;:[&quot;kt&quot;]},&quot;home&quot;:{&quot;api&quot;:[&quot;uikit&quot;],&quot;implementation&quot;:[&quot;net-repository-anno&quot;,&quot;helpers&quot;],&quot;ksp&quot;:[&quot;net-repository&quot;]},&quot;media&quot;:{&quot;api&quot;:[&quot;helpers&quot;,&quot;uikit&quot;]},&quot;profile&quot;:{&quot;api&quot;:[&quot;uikit&quot;],&quot;implementation&quot;:[&quot;net-repository-anno&quot;,&quot;helpers&quot;],&quot;ksp&quot;:[&quot;net-repository&quot;]}}&#10;这个字符串是依赖关系&#10;我想要实现的是，先把这些转为map&#10;然后传递依赖，比如profile api了uikit，而uikit api了kt，那么把kt传递给profile的api列表，要求kt实现" />
              <option value="depend on 我要表达依赖的意思帮我纠正这段英语" />
              <option value="处理上述依赖关系有什么好用的算法" />
              <option value="/generate optimization" />
              <option value="private fun traverseDependencyTree(&#10;        project: String,&#10;        allConfigDependencies: MutableMap&lt;String, MutableSet&lt;String&gt;&gt;&#10;    ) {&#10;        val configDependencies = projectsDependencies[project]&#10;        if (configDependencies.isNullOrEmpty()) {&#10;            return&#10;        }&#10;        allConfigDependencies += configDependencies&#10;        configDependencies.values.flatten().forEach {&#10;            traverseDependencyTree(it, allConfigDependencies)&#10;        }&#10;    }&#10;allConfigDependencies += configDependencies无效吗" />
              <option value="{&quot;uikit&quot;:{&quot;api&quot;:[&quot;kt&quot;]},&quot;home&quot;:{&quot;api&quot;:[&quot;uikit&quot;],&quot;implementation&quot;:[&quot;net-repository-anno&quot;,&quot;helpers&quot;],&quot;ksp&quot;:[&quot;net-repository&quot;]},&quot;media&quot;:{&quot;api&quot;:[&quot;helpers&quot;,&quot;uikit&quot;]},&quot;profile&quot;:{&quot;api&quot;:[&quot;uikit&quot;],&quot;implementation&quot;:[&quot;net-repository-anno&quot;,&quot;helpers&quot;],&quot;ksp&quot;:[&quot;net-repository&quot;]}}&#10;我有如上的结果数据，api, implementation， ksp分别表示依赖关系，根据上述关系我要做到传递依赖，比如profile api了uikit，而uikit api了kt，那么把kt传递给profile的api列表，implementation， ksp也是如此，要求kt实现，不要除了把json转为map之外不要使用其他数据结构，不要定义数据结构，只是用map和string和集合和set&#10;可以用递归算法实现吗，再简单点" />
              <option value="处理依赖关系的算法有哪些，具体举例，具体说明原理" />
              <option value="能在细节写吗，给出伪代码" />
              <option value="kt中字符串重复" />
            </list>
          </value>
        </entry>
        <entry key="Replace|1646848306361722|">
          <value>
            <list>
              <option value="针对以下终端信息，请解释原因并提供修复意见。" />
            </list>
          </value>
        </entry>
        <entry key="ViewDsl|1646848306361722">
          <value>
            <list>
              <option value="kt中+= operator是啥" />
              <option value="kt的operator中+=是哪个" />
              <option value="请列出所有重载操作符，值要符号和对应的方法列出来就行" />
              <option value="unaryMinus是是那么" />
              <option value="&gt;&gt;这个重载符号的方法是啥" />
              <option value="我想给View实现&gt;=如何做" />
              <option value="返回值必须是int吗" />
              <option value="unaryPlus是哪个" />
              <option value="unaryPlus表示啥" />
              <option value="/explain code" />
              <option value="If true, resource references will be walked; if false, outValue may be a TYPE_REFERENCE. In either case, it will never be a TYPE_ATTRIBUTE 解释" />
              <option value="如果传的是false要怎么取值呢" />
              <option value="/explain code" />
              <option value="报错了问题出在哪" />
              <option value="operator操作符 a-b的-" />
              <option value="operator fun View.unaryMinus()" />
            </list>
          </value>
        </entry>
        <entry key="gradle-conventions|1646848306361722">
          <value>
            <list>
              <option value="gradle的模块依赖关系中,A api B, B api C, A可以访问C吗" />
              <option value="回答能还是 不能" />
              <option value="component.capitalize()是什么意思" />
              <option value="it.titlecase(Locale.getDefault())什么意思" />
              <option value="gradle.taskGraph.whenReady {}这个方法什么时候回调，会回调几次" />
              <option value="firstCharUpcase拼写举证" />
              <option value="firstCharUpcase纠正" />
              <option value="capitalize啥意思" />
              <option value="动词置空英文单词" />
            </list>
          </value>
        </entry>
      </map>
    </option>
    <option name="showInlineAcceptTips" value="false" />
    <option name="showInlineCancelTips" value="false" />
  </component>
</application>