<application>
  <component name="BuildProcessSatisfactionSurveyStore">
    <option name="daysWithGradleBuilds" value="15" />
    <option name="firstKotlinGradleBuildTime" value="1728222761" />
    <option name="lastKotlinGradleBuildTime" value="1730646537" />
    <option name="nextCountedGradleBuild" value="1730727319" />
  </component>
  <component name="KotlinNewUserTracker">
    <option name="firstKtFileOpened" value="1728222033" />
    <option name="lastKtFileOpened" value="1730648371" />
    <option name="newKtUserSince" value="1728222033" />
  </component>
</application>