<application>
  <component name="ProjectManager">
    <defaultProject>
      <component name="AutoImportSettings">
        <option name="autoReloadType" value="SELECTIVE" />
      </component>
      <component name="Encoding" defaultCharsetForPropertiesFiles="UTF-8" />
      <component name="Git.Settings">
        <option name="UPDATE_TYPE" value="REBASE" />
      </component>
      <component name="ProjectViewState">
        <option name="showLibraryContents" value="true" />
      </component>
      <component name="PropertiesComponent">{
  &quot;keyToString&quot;: {
    &quot;settings.editor.selected.configurable&quot;: &quot;inlay.hints&quot;
  }
}</component>
      <component name="VcsDirectoryMappings" defaultProject="true" />
      <component name="VcsManagerConfiguration">
        <option name="CHECK_CODE_SMELLS_BEFORE_PROJECT_COMMIT" value="false" />
        <option name="CHECK_NEW_TODO" value="false" />
        <option name="OPTIMIZE_IMPORTS_BEFORE_PROJECT_COMMIT" value="true" />
        <option name="REARRANGE_BEFORE_PROJECT_COMMIT" value="true" />
      </component>
      <component name="WindowStateProjectService">
        <state x="501" y="159" key="FileChooserDialogImpl" timestamp="1728216796633">
          <screen x="0" y="0" width="1440" height="912" />
        </state>
        <state x="501" y="159" key="FileChooserDialogImpl/0.0.1440.912" timestamp="1728216796633" />
        <state x="222" y="42" key="SettingsEditor" timestamp="1729866011909">
          <screen x="0" y="0" width="1440" height="912" />
        </state>
        <state x="222" y="42" key="SettingsEditor/0.0.1440.912" timestamp="1729866011909" />
      </component>
      <component name="masterDetails">
        <states>
          <state key="ScopeChooserConfigurable.UI">
            <settings>
              <splitter-proportions>
                <option name="proportions">
                  <list>
                    <option value="0.2" />
                  </list>
                </option>
              </splitter-proportions>
            </settings>
          </state>
        </states>
      </component>
    </defaultProject>
  </component>
</application>