<application>
  <component name="Trusted.Paths">
    <option name="TRUSTED_PROJECT_PATHS">
      <map>
        <entry key="C:\Users\xuchuqi\AndroidStudioProjects\MyApplication" value="true" />
        <entry key="C:\Users\xuchuqi\AndroidStudioProjects\MyApplication2" value="true" />
        <entry key="C:\Users\xuchuqi\AndroidStudioProjects\app" value="true" />
        <entry key="C:\Users\xuchuqi\StudioProjects\replay" value="true" />
        <entry key="C:\Users\xuchuqi\StudioProjects\vcatalog" value="true" />
        <entry key="C:\Users\xuchuqi\StudioProjects\vcatalog\check" value="true" />
        <entry key="D:\code\cubic" value="true" />
        <entry key="D:\code\dfj\JAdapter" value="true" />
        <entry key="D:\code\dfj\Replace" value="true" />
        <entry key="D:\code\dfj\ViewDsl" value="true" />
        <entry key="D:\code\dfj\animations" value="true" />
        <entry key="D:\code\dfj\auto-service" value="true" />
        <entry key="D:\code\dfj\cachePost" value="true" />
        <entry key="D:\code\dfj\conventions" value="true" />
        <entry key="D:\code\dfj\cubic" value="true" />
        <entry key="D:\code\dfj\jspark" value="true" />
        <entry key="D:\code\dfj\ksp-gene" value="true" />
        <entry key="D:\code\dfj\okswap" value="true" />
        <entry key="D:\code\dfj\surgery" value="true" />
      </map>
    </option>
  </component>
  <component name="Trusted.Paths.Settings">
    <option name="TRUSTED_PATHS">
      <list>
        <option value="C:\Users\xuchuqi\StudioProjects" />
        <option value="D:\code" />
      </list>
    </option>
  </component>
</application>