<application>
  <component name="DimensionService">
    <location key="WELCOME_SCREEN.0.0.2160.1440@144dpi" x="1080" y="450" />
    <location key="find.popup.0.0.2160.1440@144dpi" x="726" y="72" />
    <size key="GridCell.Tab.0.left.0.0.2160.1440@144dpi" width="2039" height="770" />
    <size key="GridCell.Tab.0.center.0.0.2160.1440@144dpi" width="2039" height="770" />
    <size key="GridCell.Tab.0.right.0.0.2160.1440@144dpi" width="2039" height="770" />
    <size key="GridCell.Tab.0.bottom.0.0.2160.1440@144dpi" width="2039" height="770" />
    <size key="find.popup.0.0.2160.1440@144dpi" width="966" height="975" />
    <size key="GridCell.Tab.1.left.0.0.2160.1440@144dpi" width="2039" height="413" />
    <size key="GridCell.Tab.1.center.0.0.2160.1440@144dpi" width="2039" height="413" />
    <size key="GridCell.Tab.1.right.0.0.2160.1440@144dpi" width="2039" height="413" />
    <size key="GridCell.Tab.1.bottom.0.0.2160.1440@144dpi" width="2039" height="413" />
  </component>
  <component name="WindowManager">
    <frame x="-11" y="-11" width="2183" height="1391" extendedState="6" />
  </component>
  <component name="WindowStateApplicationService">
    <state x="501" y="213" key="FileChooserDialogImpl" timestamp="1728399077402">
      <screen x="0" y="0" width="1440" height="912" />
    </state>
    <state x="501" y="213" key="FileChooserDialogImpl/0.0.1440.912" timestamp="1728399077402" />
    <state width="532" height="139" key="ShowUsagesActions.dimensionServiceKey" timestamp="1730645271483">
      <screen x="0" y="0" width="1440" height="912" />
    </state>
    <state width="532" height="139" key="ShowUsagesActions.dimensionServiceKey/0.0.1440.912" timestamp="1730645271483" />
    <state x="720" y="429" width="800" height="757" key="WELCOME_SCREEN" timestamp="1730646451446">
      <screen x="0" y="0" width="1440" height="912" />
    </state>
    <state x="720" y="429" width="800" height="757" key="WELCOME_SCREEN/0.0.1440.912" timestamp="1730646451446" />
  </component>
</application>